property_type,location,sq_meters,bedrooms,has_garage,further_details,price,latitude,longitude
Casa o chalet independiente,"Calle Navajo, 18, El Perdigon",320,2,0,,332000,41.4103046,-5.7512901
Ático,"Campo Marte, 3, La Lana, Zamora",115,3,0,5ª planta exterior con ascensor,175157,41.5086653,-5.7469508
Casa o chalet independiente,"Plaza Sol, Torres del Carrizal",191,6,1,,135133,41.6158422,-5.6716999
Chalet pareado,"Calle Félix Rodríguez de la Fuente, Villaralbo",155,4,1,,175213,41.4914385,-5.6890687
Piso,"CL Santa Teresa, 33, Ensanche, Zamora",127,3,0,2ª planta exterior con ascensor,189000,,
Chalet pareado,"Calle de Peñalagar, 1, San Isidro - Espíritu Santo, Zamora",284,4,1,,350000,,
Chalet adosado,"Córdoba s/n, Pantoja - Vista Alegre, Zamora",211,4,1,,349800,,
Ático,"Calle de la Hiniesta, La Hiniesta, Zamora",97,3,1,3ª planta exterior con ascensor,185000,41.5533825,-5.7989145
Chalet adosado,Coreses,230,5,0,,105000,41.5485022,-5.6208725
Casa o chalet,"La Lana, Zamora",321,4,0,,99000,41.5066617,-5.7465251
Piso,"Ensanche, Zamora",123,4,0,4ª planta exterior con ascensor,240000,,
Chalet adosado,"Plaza Corralón, Centro, Zamora",168,3,0,,180000,,
Piso,"Calle Cortinas San Miguel, Centro, Zamora",134,3,0,7ª planta exterior con ascensor,270000,,
Piso,"Av Tres Cruces, Ensanche, Zamora",240,5,1,7ª planta exterior con ascensor,495000,,
Piso,"CL Fermoselle, Barrio Pinilla, Zamora",80,3,1,2ª planta exterior con ascensor,129900,,
Chalet pareado,"Camino de San Jerónimo, 8, Barrio Pinilla, Zamora",197,4,1,,229000,,
Piso,"Calle Requejo, Coreses",388,4,1,1ª planta exterior sin ascensor,150000,,
Piso,"Villalpando, 42, La Lana, Zamora",119,4,0,2ª planta exterior sin ascensor,129900,41.5090316,-5.7475668
Casa o chalet independiente,"El Tomillar, Morales del Vino",320,3,1,,300000,41.4339697,-5.7346078
Casa o chalet independiente,"Las Vegas - La Feria, Zamora",442,5,1,,650000,,
Piso,"Centro, Zamora",120,3,0,3ª planta interior con ascensor,210000,41.3654285,-6.1118855
Chalet adosado,"La Hiniesta, Zamora",296,3,1,,275000,41.551995,-5.79892
Piso,"Pantoja - Vista Alegre, Zamora",68,2,1,5ª planta interior con ascensor,165000,,
Piso,"Magistral Romero, Centro, Zamora",101,3,0,3ª planta exterior sin ascensor,100000,,
Chalet adosado,El Perdigon,239,3,0,,60000,41.4135073,-5.7529143
Chalet adosado,"Barrio Pinilla, Zamora",190,3,0,,45000,41.4952427,-5.7415566
Piso,"San Lázaro, Zamora",128,6,0,Bajo exterior sin ascensor,220000,41.5071602,-5.7531346
Piso,"Caballeros, Casco Antiguo, Zamora",100,2,1,Bajo exterior con ascensor,125000,,
Chalet adosado,"Barrio Pinilla, Zamora",66,2,0,,90000,41.4952427,-5.7415566
Piso,"Ensanche, Zamora",125,4,0,1ª planta exterior con ascensor,235000,,
Piso,"Calle de Villalpando, 7, San Lázaro, Zamora",90,3,0,5ª planta exterior con ascensor,130000,41.5072817,-5.7498463
Piso,"Churruca, 50, Los Bloques, Zamora",76,2,0,Entreplanta exterior con ascensor,135500,41.5112433,-5.7340174
Piso,"CL Churruca, 50, Los Bloques, Zamora",85,2,0,1ª planta exterior con ascensor,141000,41.511087,-5.7343498
Piso,"Plaza del Maestro, Centro, Zamora",68,2,0,1ª planta exterior con ascensor,205000,,
Piso,"Calle de Villalpando, San Lázaro, Zamora",85,3,0,5ª planta exterior con ascensor,130000,41.5118033,-5.7465302
Piso,"Bajada San Pablo, Centro, Zamora",83,3,0,2ª planta sin ascensor,120000,,
Chalet adosado,"CL San Roque, Muelas del Pan",123,3,1,,72000,41.5221847,-5.9676724
Piso,"Cr Estacion, Pantoja - Vista Alegre, Zamora",73,1,1,1ª planta exterior con ascensor,159500,,
Piso,"CL Doctor Villalobos, La Candelaria, Zamora",152,5,0,4ª planta exterior con ascensor,187000,41.5042299,-5.7355826
Dúplex,"Calle de Cabañales, 55, Barrio Pinilla, Zamora",91,2,1,5ª planta exterior con ascensor,131000,41.5007098,-5.7501858
Casa o chalet independiente,"León Felipe, Morales del Vino",293,5,1,,450000,,
Casa rural,"Calle zamora, 42, Morales del Vino",410,10,0,,350000,41.4489776,-5.7308094
Piso,"Ensanche, Zamora",149,4,0,1ª planta exterior con ascensor,195000,,
Piso,"Jimenez De Quesada, 6, Pantoja - Vista Alegre, Zamora",105,4,1,5ª planta exterior con ascensor,247000,,
Piso,"Avenida de las Tres Cruces, Ensanche, Zamora",84,3,1,7ª planta interior con ascensor,185000,,
Ático,"Avenida del Cardenal Cisneros, 60, Pantoja - Vista Alegre, Zamora",250,6,1,8ª planta exterior con ascensor,580000,,
Piso,"La Candelaria, Zamora",208,3,0,3ª planta exterior con ascensor,450000,41.5074768,-5.7315389
Chalet pareado,"Calle Miguel de Cervantes, Morales del Vino",140,4,1,,250000,41.440059,-5.7370619
Piso,"Obispo Acuña, La Candelaria, Zamora",90,3,0,2ª planta interior con ascensor,105000,41.5036806,-5.7356632
Chalet adosado,"CL Sancho IV, La Lana, Zamora",164,3,0,,67000,41.5062898,-5.7465344
Piso,"Casco Antiguo, Zamora",98,3,1,1ª planta exterior sin ascensor,226000,39.9594827,-4.8313115
Piso,"Calle de Salamanca, 78, Barrio Pinilla, Zamora",71,2,1,4ª planta exterior con ascensor,128000,,
Casa de pueblo,"CL Pasion, Andavias",183,4,1,,34000,41.5964798,-5.8609326
Piso,"Calle de Villalpando, 7, San Lázaro, Zamora",90,3,0,5ª planta exterior con ascensor,130000,41.5072817,-5.7498463
Chalet pareado,"Calle San Vicente, Montamarta",135,3,1,,135000,41.6511285,-5.8103432
Casa de pueblo,"de la Ermita, 1, Morales del Vino",150,5,0,,59900,41.4461085,-5.7327187
Casa o chalet independiente,"CL Prado Verde, Torres del Carrizal",173,4,1,,45000,41.6143355,-5.6698882
Piso,"Bajada San Pablo, 2, Centro, Zamora",83,3,0,2ª planta exterior con ascensor,120000,,
Piso,"Calle Santa Susana, San Lázaro, Zamora",82,4,0,Bajo,69000,41.5060259,-5.7539813
Piso,"Calle Doctor Villalobos, La Candelaria, Zamora",120,4,1,3ª planta exterior con ascensor,197200,41.5042299,-5.7355826
Chalet adosado,"Calle Miguel de Unamuno, 40, Morales del Vino",160,3,1,,190000,41.4392207,-5.7377323
Piso,"Fray Toribio Motolimia, 16, Ensanche, Zamora",106,4,0,1ª planta exterior con ascensor,235000,,
Piso,"Barrio Pinilla, Zamora",68,3,1,2ª planta exterior con ascensor,129900,41.4952427,-5.7415566
Piso,"La Candelaria, Zamora",105,3,1,1ª planta interior con ascensor,170000,41.5074768,-5.7315389
Piso,"Ensanche, Zamora",128,4,0,9ª planta exterior con ascensor,185000,,
Piso,"La Candelaria, Zamora",87,3,0,2ª planta exterior con ascensor,150000,41.5074768,-5.7315389
Casa o chalet independiente,"Valclemente, 2, San Cebrian de Castro",55,1,0,,28000,41.7004722,-5.7974843
Chalet adosado,"Calle Cumbre, El Perdigon",68,2,0,,26000,41.4100559,-5.752522
Piso,"Calle Sol, San Lázaro, Zamora",97,3,1,1ª planta exterior sin ascensor,113000,41.5078319,-5.7529982
Dúplex,"Ensanche, Zamora",204,4,1,5ª planta exterior con ascensor,390000,,
Piso,"Calle Cortinas San Miguel, 9, Centro, Zamora",92,3,0,3ª planta exterior con ascensor,260000,,
Piso,"Carretera Estación, 2, Pantoja - Vista Alegre, Zamora",82,1,1,1ª planta exterior con ascensor,159500,,
Piso,"CL Santa Clara, Centro, Zamora",153,4,1,2ª planta exterior con ascensor,385000,,
Piso,"Calle Doctor Villalobos, La Candelaria, Zamora",85,2,0,1ª planta exterior sin ascensor,120000,41.5042299,-5.7355826
Casa o chalet independiente,"Calle Zamora, 96, Morales del Vino",360,5,1,,565000,41.4489776,-5.7308094
Chalet adosado,"Calle Corredera, Centro, Zamora",262,5,0,,110000,,
Casa o chalet independiente,"Diseminado Diseminados, 16, Barrio Pinilla, Zamora",250,3,1,,250000,,
Piso,"Pedro Alvarado, Los Bloques, Zamora",90,3,0,2ª planta exterior con ascensor,147000,,
Piso,"Calle Fermoselle, 11, Barrio Pinilla, Zamora",108,3,1,1ª planta exterior sin ascensor,130000,,
Finca rústica,"N-630, 281, Barrio Pinilla, Zamora",240,5,1,,440000,,
Piso,"Calle Clavel, 1, Pantoja - Vista Alegre, Zamora",175,4,1,1ª planta exterior con ascensor,270000,,
Casa de pueblo,"Calle San Roque, Coreses",417,4,0,,90000,41.5465618,-5.624477
Casa de pueblo,"Calle Torre, Pajares de la Lampreana",272,3,1,,31000,41.7163597,-5.6962744
Chalet pareado,"Avenida de la Frontera, 15, Las Vegas - La Feria, Zamora",340,4,1,,640000,,
Piso,"Calle de Fermoselle, 156, Barrio Pinilla, Zamora",90,3,1,1ª planta exterior con ascensor,125000,,
Chalet pareado,"CL Iglesia, 17, Andavias",400,3,0,,120000,41.595891,-5.8580245
Piso,"Calle de Balborraz, Centro, Zamora",70,3,0,,20000,,
Piso,"Calle de Balborraz, Centro, Zamora",70,3,0,,21000,,
Estudio,"La Candelaria, Zamora",75,0,0,exterior con ascensor,85000,41.5074768,-5.7315389
Piso,"Calle Clavel, 1, Pantoja - Vista Alegre, Zamora",125,4,1,1ª planta exterior con ascensor,270000,,
Dúplex,"Ensanche, Zamora",204,4,0,exterior con ascensor,360000,,
Piso,"CL Villalpando, San Lázaro, Zamora",90,3,0,5ª planta exterior con ascensor,130000,41.5097107,-5.7499208
Chalet pareado,"Los Bloques, Zamora",200,3,0,,200000,41.5103659,-5.732105
Casa o chalet independiente,"Barrio Pinilla, Zamora",220,3,1,,150000,41.4952427,-5.7415566
Piso,"Avenida de Galicia, 12, San Lázaro, Zamora",56,2,0,4ª planta exterior sin ascensor,67000,41.5102375,-5.7513973
Ático,"Avenida de Víctor Gallego, Ensanche, Zamora",80,2,0,10ª planta exterior con ascensor,255000,,
Casa o chalet independiente,"Calle el Río, 49, Villaralbo",253,4,1,,380000,,
Casa o chalet independiente,"Calle Valencia, San Isidro - Espíritu Santo, Zamora",364,5,1,,390000,,
Piso,"Calle Sor Dositea Andrés, 5, Casco Antiguo, Zamora",90,3,0,2ª planta exterior sin ascensor,189000,,
Chalet adosado,"Calle Artesanos s/n, Montamarta",158,2,0,,58000,41.6477227,-5.8062525
Piso,"Calle Monforte, 1, Centro, Zamora",212,4,1,2ª planta exterior con ascensor,370000,,
Chalet pareado,"Casco Antiguo, Zamora",174,4,0,,110000,39.9594827,-4.8313115
Piso,"CL Grijalba, La Candelaria, Zamora",53,1,1,Bajo exterior con ascensor,95000,,
Piso,"Avenida de Requejo, Ensanche, Zamora",136,3,0,5ª planta exterior con ascensor,260000,,
Casa o chalet independiente,Roales,502,3,1,,435000,41.5523885,-5.7735283
Caserón,"Pantano Del Esla s/n, San Cebrian de Castro",364,4,1,,270000,,
Piso,"Ensanche, Zamora",149,4,0,1ª planta exterior con ascensor,185000,,
Piso,"Las Vegas - La Feria, Zamora",100,3,0,4ª planta exterior con ascensor,149000,,
Casa o chalet independiente,"Diseminado Diseminados, Los Bloques, Zamora",275,4,1,,126000,,
Casa o chalet,Andavias,140,3,1,,165000,41.5957846,-5.8568492
Casa o chalet independiente,"Plaza Corralón, 8, Centro, Zamora",325,0,0,,115000,,
Chalet adosado,"Camino del RÌo, 2, Villaralbo",143,4,1,,189000,,
Piso,"Calle Cortinas San Miguel, 9, Centro, Zamora",102,3,1,3ª planta con ascensor,260000,,
Piso,"Calle Santa Teresa, Ensanche, Zamora",95,3,0,1ª planta interior con ascensor,149000,,
Piso,"Calle Regimiento de Toledo, 25, Ensanche, Zamora",140,4,1,1ª planta exterior con ascensor,230000,,
Piso,"Ronda de la Feria, La Lana, Zamora",120,3,0,3ª planta exterior con ascensor,193000,41.507056,-5.7475881
Casa o chalet independiente,"Calle Trascastillo, Morales del Vino",700,1,0,,620000,41.4470266,-5.7326178
Chalet adosado,"Calle Francisco Pizarro, 25, Los Bloques, Zamora",246,3,1,,160000,41.5093679,-5.7312416
Piso,"Magallanes, La Candelaria, Zamora",106,3,1,1ª planta exterior con ascensor,169000,41.5062989,-5.7340351
Chalet adosado,"CL Cementerio, Torres del Carrizal",153,3,1,,65000,41.6181233,-5.6712542
Piso,"Regimiento Toledo, Ensanche, Zamora",141,4,1,2ª planta exterior con ascensor,219000,,
Piso,"Calle Peñausende, Barrio Pinilla, Zamora",103,3,1,2ª planta exterior con ascensor,111200,,
Piso,"Cabañales, Barrio Pinilla, Zamora",141,3,1,5ª planta exterior con ascensor,179000,,
Casa rural,"CL Cabañales, 58, Barrio Pinilla, Zamora",46,0,0,,9900,41.5007098,-5.7501858
Casa de pueblo,"Calle Cuestica s/n, Villaseco",110,0,0,,13000,41.4701335,-5.9684176
Piso,"Calle Palomar, La Lana, Zamora",101,3,0,3ª planta exterior sin ascensor,169000,41.5071034,-5.7455153
Piso,Morales del Vino,74,2,1,2ª planta exterior con ascensor,98000,41.4460546,-5.7324233
Casa o chalet independiente,"Calle Don Manuel Canto Campo, Roales",390,6,1,,475000,41.549596,-5.7687529
Chalet adosado,"Camino de la Lobata, La Hiniesta, Zamora",227,3,1,,280000,,
Piso,"Ensanche, Zamora",156,4,0,4ª planta exterior con ascensor,255000,,
Piso,"Barrio Pinilla, Zamora",100,3,1,2ª planta exterior con ascensor,109200,41.4952427,-5.7415566
Piso,"Calle de Santa Clara, Centro, Zamora",153,3,1,2ª planta exterior con ascensor,385000,,
Casa o chalet independiente,"San Isidro - Espíritu Santo, Zamora",365,5,1,,500000,41.5053903,-5.7583024
Casa o chalet independiente,El Perdigon,340,4,1,,97000,41.4135073,-5.7529143
Chalet adosado,"Calle Primero de Mayo s/n, San José Obrero, Zamora",159,3,0,,125300,41.514861,-5.752114
Piso,"Ensanche, Zamora",143,4,0,2ª planta exterior con ascensor,225000,,
Piso,"Las Vegas - La Feria, Zamora",141,4,0,1ª planta exterior con ascensor,140000,,
Piso,"San Lázaro, Zamora",80,3,0,2ª planta exterior con ascensor,120000,41.5071602,-5.7531346
Piso,"Ensanche, Zamora",98,3,0,5ª planta exterior con ascensor,130000,,
Chalet adosado,"Ctra de Villalpando - Urbanización Siglo XXI, Zamora",145,3,0,,105000,41.5241924,-5.7305575
Piso,"La Lana, Zamora",123,3,0,3ª planta exterior con ascensor,196900,41.5066617,-5.7465251
Casa o chalet independiente,"Barrio Pinilla, Zamora",600,5,1,,595000,41.4952427,-5.7415566
Piso,"Centro, Zamora",73,3,0,4ª planta exterior con ascensor,159000,41.3654285,-6.1118855
Chalet pareado,"La Candelaria, Zamora",200,4,0,,360000,41.5074768,-5.7315389
Piso,"Avenida de Portugal, 1, La Candelaria, Zamora",146,5,0,4ª planta exterior con ascensor,279000,41.5061841,-5.7401824
Piso,"La Candelaria, Zamora",117,4,1,3ª planta exterior con ascensor,197500,41.5074768,-5.7315389
Casa o chalet independiente,San Cebrian de Castro,252,3,1,,185000,41.7050248,-5.7549516
Casa de pueblo,"CL Cruz, 24, Villanueva de Campean",374,3,1,,80000,41.3547703,-5.7712377
Piso,"Calle de Diego de Almagro, 16, La Candelaria, Zamora",77,3,1,1ª planta exterior sin ascensor,139000,41.5082003,-5.7320921
Casa de pueblo,"asuncion, Coreses",322,3,0,,53000,41.5483558,-5.6218107
Dúplex,"Ensanche, Zamora",73,2,1,5ª planta exterior con ascensor,275000,,
Piso,"Ensanche, Zamora",80,3,0,1ª planta interior con ascensor,149000,,
Piso,"Avenida del Príncipe de Asturias, Ensanche, Zamora",148,3,0,4ª planta exterior con ascensor,287000,,
Ático,"Calle Traviesa, 7, Centro, Zamora",65,2,0,3ª planta exterior sin ascensor,106900,,
Piso,"Plaza del Mercado, 10 n, Casco Antiguo, Zamora",123,3,1,2ª planta exterior con ascensor,380000,,
Chalet pareado,"Calle Alberca, 2, Ctra de Villalpando - Urbanización Siglo XXI, Zamora",190,4,1,,89000,,
Casa o chalet independiente,"Carretera Carrascal, Barrio Pinilla, Zamora",600,5,1,,595000,,
Piso,"Avenida de Portugal, 9, La Candelaria, Zamora",208,3,0,3ª planta exterior con ascensor,450000,41.5061841,-5.7401824
Casa de pueblo,"Za-305 s/n, Morales del Vino",80,1,1,,58000,41.4669776,-5.7419897
Casa o chalet independiente,"Calle Zamora, Coreses",120,3,0,,75000,41.5450845,-5.6255604
Chalet pareado,"Calle Hortensias, Ctra de Villalpando - Urbanización Siglo XXI, Zamora",116,3,1,,98000,,
Casa de pueblo,"Teso Mayo, Coreses",221,3,1,,75000,41.5603602,-5.5933324
Chalet adosado,"Calle Colón, Los Bloques, Zamora",250,6,1,,200000,41.5104123,-5.732672
Dúplex,"Pz Constitucion, 16, Monfarracinos",135,3,1,1ª planta exterior sin ascensor,100000,,
Piso,"Calle Regimiento de Toledo s/n, Ensanche, Zamora",79,4,0,,81100,,
Casa o chalet independiente,"Calle Río Duero, 2, Morales del Vino",320,4,1,,339000,41.43672,-5.7374206
Chalet pareado,"Calle Olmos, Roales",150,3,1,,168000,41.5529576,-5.7759436
Chalet pareado,"Calle Cementerio, 9, Villalube",175,3,0,,20000,41.610262,-5.5468394
Casa de pueblo,"CL Escuelas, 8, Cazurra",308,3,0,,15990,,
Chalet adosado,"Plaza La Leña, 3, Casco Antiguo, Zamora",253,8,0,,125000,,
Piso,"Calle Cortinas San Miguel, 36, Centro, Zamora",95,3,0,3ª planta exterior sin ascensor,149000,,
Piso,"Barrio Pinilla, Zamora",58,2,0,1ª planta exterior sin ascensor,95000,41.4952427,-5.7415566
Chalet adosado,Roales,146,3,0,,150000,41.5523885,-5.7735283
Piso,"Calle de Alonso de Tejada, 20, La Candelaria, Zamora",47,1,0,Entreplanta exterior sin ascensor,89000,41.5061899,-5.7382069
Chalet pareado,"San Isidro - Espíritu Santo, Zamora",83,3,0,,49000,41.5053903,-5.7583024
Piso,"Centro, Zamora",98,3,0,2ª planta exterior con ascensor,185000,41.3654285,-6.1118855
Piso,"Centro, Zamora",153,4,0,3ª planta exterior sin ascensor,239500,41.3654285,-6.1118855
Chalet adosado,Monfarracinos,175,3,1,,148000,41.5526221,-5.7064267
Piso,"Ensanche, Zamora",156,4,0,4ª planta exterior con ascensor,255000,,
Chalet adosado,Villaralbo,199,4,1,,160000,41.49217,-5.6818833
Chalet pareado,"Ctra de Villalpando - Urbanización Siglo XXI, Zamora",134,2,1,,189900,41.5241924,-5.7305575
Chalet adosado,"Villalpando, 41, Ctra de Villalpando - Urbanización Siglo XXI, Zamora",176,4,1,,60000,,
Piso,"Avenida del Príncipe de Asturias, 37, Ensanche, Zamora",82,3,0,9ª planta interior con ascensor,130000,,
Piso,"La Lana, Zamora",101,3,0,3ª planta exterior sin ascensor,169000,41.5066617,-5.7465251
Piso,"La Lana, Zamora",119,4,0,2ª planta exterior sin ascensor,135000,41.5066617,-5.7465251
Dúplex,"Calle de la Libertad, Ensanche, Zamora",85,2,1,5ª planta exterior con ascensor,275000,,
Chalet adosado,"Centro, Zamora",120,2,0,,114000,41.3654285,-6.1118855
Casa o chalet independiente,"Caedero, Morales del Vino",296,6,1,,190000,41.445691,-5.7305441
Casa de pueblo,"Carretera de Carbajales, 24, Palacios del Pan",222,3,0,,60000,41.5964033,-5.8642331
Casa o chalet independiente,Casaseca de las Chanas,455,4,1,,300000,41.4379642,-5.6751223
Dúplex,"Ensanche, Zamora",127,4,1,4ª planta interior con ascensor,168000,,
Chalet adosado,"Camino de Moraleja, 9, Villaralbo",90,3,1,,125000,,
Casa o chalet independiente,"Calle Cabildo, 7, Casco Antiguo, Zamora",72,2,0,,84000,,
Piso,"La Lana, Zamora",121,3,0,3ª planta exterior con ascensor,195000,41.5066617,-5.7465251
Finca rústica,Villaralbo,256,2,0,,97000,41.49217,-5.6818833
Casa o chalet independiente,Casaseca de las Chanas,414,4,0,,65000,41.4379642,-5.6751223
Piso,"Barrio Pinilla, Zamora",95,3,1,2ª planta exterior con ascensor,109000,41.4952427,-5.7415566
Casa o chalet independiente,Entrala,216,2,1,,249000,41.4311963,-5.7547283
Chalet pareado,Coreses,110,4,0,,98000,41.5485022,-5.6208725
Chalet pareado,Villalube,120,3,0,,15000,41.6090842,-5.5443063
Casa o chalet independiente,"Barrio Pinilla, Zamora",400,6,0,,490000,41.4952427,-5.7415566
Chalet adosado,"CL Fuente, Coreses",305,4,1,,100000,41.5481913,-5.6254003
Casa de pueblo,"Plata, 20, Villalube",90,3,0,,2500,41.6114957,-5.5450488
Piso,"Las Vegas - La Feria, Zamora",105,3,1,2ª planta exterior con ascensor,155000,,
Piso,"La Candelaria, Zamora",94,3,0,1ª planta exterior con ascensor,114000,41.5074768,-5.7315389
Chalet pareado,Piedrahita de Castro,802,4,1,,92000,41.6807915,-5.728865
Casa o chalet independiente,"Calle Félix Rodríguez de la Fuente, 24, Villaralbo",290,3,1,,160000,41.4906853,-5.6920691
Chalet adosado,"Pz Corralon, 4, Centro, Zamora",168,3,0,,180000,,
Piso,"Carretera de la Aldehuela, 7, La Candelaria, Zamora",127,3,1,4ª planta exterior sin ascensor,136000,41.5053797,-5.7316323
Finca rústica,Arcenillas,555,5,1,,259000,41.4561135,-5.6857564
Casa o chalet independiente,"Barrio Pinilla, Zamora",480,5,1,,595000,41.4952427,-5.7415566
Piso,"Calle de Fermoselle, Barrio Pinilla, Zamora",75,3,1,3ª planta exterior con ascensor,123000,,
Piso,"Calle Santa Teresa, Ensanche, Zamora",85,3,0,1ª planta interior con ascensor,149000,,
Casa o chalet independiente,"Diseminado Diseminados s Cebrian, 31, San Cebrian de Castro",250,3,1,,185000,,
Piso,"Calle Corbeta, 2, La Candelaria, Zamora",130,3,1,2ª planta exterior sin ascensor,185000,41.5060322,-5.7315046
Piso,"Calle Monsalve, Ensanche, Zamora",53,2,0,1ª planta exterior sin ascensor,105000,,
Casa o chalet independiente,"Centro, Zamora",168,3,0,,180000,41.3654285,-6.1118855
Casa o chalet independiente,Morales del Vino,550,6,1,,494000,41.4460546,-5.7324233
Piso,"Balborraz, 23, Centro, Zamora",70,3,0,1ª planta exterior sin ascensor,20000,,
Piso,"Calle Vega, Las Vegas - La Feria, Zamora",132,4,0,1ª planta sin ascensor,127000,,
Piso,"Calle Cortinas San Miguel, 9, Centro, Zamora",100,3,0,3ª planta exterior con ascensor,260000,,
Piso,"Calle de la Libertad, 26, Pantoja - Vista Alegre, Zamora",120,3,1,5ª planta exterior con ascensor,260000,,
Piso,"Calle Hernán Cortés, 28, Los Bloques, Zamora",60,3,0,1ª planta exterior sin ascensor,110000,41.5103806,-5.7312068
Piso,"Calle Regimiento de Toledo, 6, Ensanche, Zamora",121,4,0,1ª planta exterior con ascensor,205000,,
Casa de pueblo,"Calle Rioseco, 11, Malva",110,3,0,,35000,,
Casa o chalet independiente,"Calle Deportes, 2, Muelas del Pan",200,4,1,,149000,41.5216037,-5.9694315
Casa o chalet independiente,"Lugar Urbanizacion Villalobos, 6, San Isidro - Espíritu Santo, Zamora",360,8,1,,420000,,
Ático,"Calle San Pablo, 1, Centro, Zamora",159,4,1,5ª planta exterior con ascensor,325000,,
Casa o chalet independiente,"Calle Río Tera, 23, Morales del Vino",260,4,1,,365000,41.4358758,-5.7384821
Casa de pueblo,"sol s/n, La Hiniesta",301,5,1,,90000,41.5524389,-5.7994716
Piso,"Calle del Obispo Nieto, 29, Las Vegas - La Feria, Zamora",120,4,1,1ª planta exterior con ascensor,185000,,
Chalet adosado,"Primero Mayo, 30, San José Obrero, Zamora",159,3,0,,125300,41.515069,-5.7526384
Piso,"Monsalve, Ensanche, Zamora",53,2,0,1ª planta exterior sin ascensor,105000,,
Piso,"Calle Alonso de Tejeda, 10, La Candelaria, Zamora",145,3,1,4ª planta exterior con ascensor,347000,,
Piso,"San Lázaro, Zamora",119,4,0,2ª planta exterior sin ascensor,129900,41.5071602,-5.7531346
Casa o chalet independiente,Entrala,254,1,0,,69000,41.4311963,-5.7547283
Casa o chalet independiente,Roales,223,5,0,,298000,41.5523885,-5.7735283
Piso,"Calle de Salamanca, 78, Barrio Pinilla, Zamora",69,2,1,Bajo exterior con ascensor,101000,,
Casa o chalet independiente,Morales del Vino,300,6,1,,325000,41.4460546,-5.7324233
Chalet adosado,"Calle de las Infantas, 3, Casco Antiguo, Zamora",137,2,0,,450000,,
Piso,"Calle Cortinas San Miguel, 22, Centro, Zamora",151,4,1,2ª planta exterior con ascensor,310000,,
Casa o chalet independiente,"Ctra de Villalpando - Urbanización Siglo XXI, Zamora",136,4,0,,229000,41.5241924,-5.7305575
Piso,"Centro, Zamora",153,4,1,2ª planta exterior con ascensor,385000,41.3654285,-6.1118855
Casa o chalet independiente,"San José Obrero, Zamora",105,3,0,,50000,41.5132658,-5.7530273
Piso,"Los Bloques, Zamora",68,3,0,exterior con ascensor,130000,41.5103659,-5.732105
Casa de pueblo,El Perdigon,293,3,0,,30000,41.4135073,-5.7529143
Piso,"Calle de Villalpando, 7, San Lázaro, Zamora",87,3,1,1ª planta exterior con ascensor,125000,41.5072817,-5.7498463
Casa o chalet independiente,"Casco Antiguo, Zamora",253,8,0,,125000,39.9594827,-4.8313115
Casa o chalet independiente,Morales del Vino,529,6,1,,450000,41.4460546,-5.7324233
Casa o chalet independiente,Morales del Vino,300,6,1,,325000,41.4460546,-5.7324233
Piso,"Las Vegas - La Feria, Zamora",101,4,0,1ª planta exterior sin ascensor,125000,,
Piso,"Calle del Magistral Romero, Centro, Zamora",70,2,0,2ª planta interior con ascensor,99900,,
Casa o chalet independiente,"Centro, Zamora",186,4,1,,120000,41.3654285,-6.1118855
Piso,"CL Valdivia, Los Bloques, Zamora",73,2,0,3ª planta exterior con ascensor,69000,41.5112942,-5.7324441
Piso,"Ensanche, Zamora",110,3,0,4ª planta exterior con ascensor,140000,,
Casa o chalet independiente,"Casco Antiguo, Zamora",340,6,0,,320000,39.9594827,-4.8313115
Piso,"Calle Doctor Villalobos, La Candelaria, Zamora",123,3,1,2ª planta exterior con ascensor,180000,41.5042299,-5.7355826
Piso,"CL Granados, Pantoja - Vista Alegre, Zamora",73,3,0,3ª planta exterior con ascensor,131000,,
Finca rústica,"Camino de Cubillos, 3, Valcabado",104,2,0,,97000,,
Piso,"San Lázaro, Zamora",90,3,0,5ª planta exterior con ascensor,130000,41.5071602,-5.7531346
Piso,"CL Pedro Alvarado, Los Bloques, Zamora",111,3,0,4ª planta exterior con ascensor,140000,,
Piso,"Casco Antiguo, Zamora",60,2,0,3ª planta exterior sin ascensor,98000,39.9594827,-4.8313115
Piso,"La Lana, Zamora",121,3,0,3ª planta exterior con ascensor,193000,41.5066617,-5.7465251
Piso,"Plaza de San Lázaro, San Lázaro, Zamora",70,2,0,1ª planta exterior sin ascensor,100000,41.5059842,-5.7508703
Chalet pareado,Coreses,115,4,1,,98000,41.5485022,-5.6208725
Piso,"San Lázaro, Zamora",87,2,0,1ª planta exterior sin ascensor,100000,41.5071602,-5.7531346
Piso,"La Lana, Zamora",119,4,0,2ª planta exterior sin ascensor,135000,41.5066617,-5.7465251
Casa o chalet independiente,Torres del Carrizal,103,4,1,,69000,41.6181877,-5.6704396
Piso,"Ensanche, Zamora",192,5,0,1ª planta exterior con ascensor,170000,,
Chalet adosado,Monfarracinos,197,3,1,,187000,41.5526221,-5.7064267
Chalet adosado,"San Isidro, 42, San Isidro - Espíritu Santo, Zamora",108,2,1,,79000,41.5053903,-5.7583024
Piso,"Santa Clara, 31, Centro, Zamora",174,5,0,1ª planta exterior sin ascensor,210000,,
Piso,"Casco Antiguo, Zamora",62,2,0,2ª planta interior sin ascensor,60000,39.9594827,-4.8313115
Finca rústica,Montamarta,84,4,0,,55000,41.6471097,-5.8049764
Casa o chalet,Villaralbo,296,3,1,,160000,41.49217,-5.6818833
Casa o chalet,"Barrio Pinilla, Zamora",352,4,0,,250000,41.4952427,-5.7415566
Piso,"La Candelaria, Zamora",127,4,1,4ª planta exterior con ascensor,205000,41.5074768,-5.7315389
Casa o chalet independiente,Villaseco,187,5,1,,65000,41.5454497,-6.142643
Casa o chalet independiente,Monfarracinos,136,4,1,,250000,41.5526221,-5.7064267
Finca rústica,Coreses,355,1,0,,85000,41.5485022,-5.6208725
Piso,"Av Galicia, San Lázaro, Zamora",46,1,0,1ª planta exterior con ascensor,102000,41.5086007,-5.7510248
Casa o chalet independiente,El Perdigon,127,4,1,,249000,41.4135073,-5.7529143
Chalet adosado,Piedrahita de Castro,107,2,0,,18000,41.6807915,-5.728865
Piso,"La Hiniesta, Zamora",100,3,0,exterior con ascensor,120000,41.551995,-5.79892
Piso,"La Lana, Zamora",90,3,0,1ª planta exterior sin ascensor,125000,41.5066617,-5.7465251
Piso,"La Candelaria, Zamora",134,4,1,1ª planta exterior con ascensor,450000,41.5074768,-5.7315389
Piso,"Av Victor Gallego, Ensanche, Zamora",143,4,0,2ª planta exterior con ascensor,225000,,
Casa o chalet,"Diseminado Diseminados, Fresno de la Ribera",328,6,1,,400000,,
Casa o chalet independiente,Casaseca de las Chanas,140,3,0,,58000,41.4379642,-5.6751223
Casa o chalet independiente,Villaralbo,182,5,1,,130000,41.49217,-5.6818833
Casa o chalet independiente,Villaralbo,148,3,1,,190000,41.49217,-5.6818833
Piso,"Avenida de Portugal, La Candelaria, Zamora",156,3,0,1ª planta exterior sin ascensor,350000,41.5061841,-5.7401824
Casa o chalet independiente,Coreses,140,3,1,,75000,41.5485022,-5.6208725
Casa o chalet independiente,San Pedro de la Nave-Almendra,113,4,1,,110000,41.5878594,-5.9399653
Piso,"Ensanche, Zamora",130,4,0,1ª planta exterior sin ascensor,230000,,
Piso,"Calle de Pedro Alvarado, Los Bloques, Zamora",90,3,0,2ª planta exterior con ascensor,147000,,
Piso,"Calle Costanilla, Centro, Zamora",69,1,0,1ª planta interior con ascensor,140000,,
Casa de pueblo,"Calle San Sebastian, 3, Bustillo del Oro",167,3,1,,50000,41.673898,-5.4598711
Casa o chalet independiente,"Calle Cura, 5, Almaraz de Duero",200,3,0,,39000,41.4733803,-5.9149193
Piso,"Centro, Zamora",167,6,0,1ª planta exterior sin ascensor,105000,41.3654285,-6.1118855
Casa o chalet independiente,Coreses,314,4,0,,250000,41.5485022,-5.6208725
Piso,"San Lázaro, Zamora",85,3,0,5ª planta exterior con ascensor,130000,41.5071602,-5.7531346
Casa de pueblo,"Calle del Dieciocho de Julio, 3, Aspariegos",200,4,0,,65000,,
Casa o chalet independiente,"Ctra de Villalpando - Urbanización Siglo XXI, Zamora",64,2,0,,80000,41.5241924,-5.7305575
Casa de pueblo,Coreses,210,7,1,,500000,41.5485022,-5.6208725
Chalet adosado,"Calle Túnel, 8, Ensanche, Zamora",197,4,1,,99900,,
Piso,"Casco Antiguo, Zamora",22,0,0,Bajo exterior sin ascensor,45000,39.9594827,-4.8313115
Chalet adosado,"Casco Antiguo, Zamora",65,2,0,,57000,39.9594827,-4.8313115
Piso,"Victor Gallego, 14, Ensanche, Zamora",143,4,0,2ª planta exterior con ascensor,225000,,
Casa o chalet independiente,"Carretera de la Aldehuela, La Candelaria, Zamora",61,2,0,,71000,41.5064555,-5.7288054
Piso,"Calle San Torcuato, 19, La Lana, Zamora",198,5,0,4ª planta exterior con ascensor,299000,41.5058411,-5.7447283
Piso,"Guerrero julian, 4, Casco Antiguo, Zamora",120,3,1,3ª planta exterior con ascensor,250000,,
Casa de pueblo,"ermita, 9, Morales del Vino",113,3,0,,21000,41.4461085,-5.7327187
Piso,"Ensanche, Zamora",180,4,1,1ª planta exterior con ascensor,300000,,
Piso,"Casco Antiguo, Zamora",85,3,0,2ª planta exterior sin ascensor,115000,39.9594827,-4.8313115
Piso,"Centro, Zamora",92,3,0,3ª planta exterior con ascensor,260000,41.3654285,-6.1118855
Piso,"Centro, Zamora",89,3,0,3ª planta exterior con ascensor,260000,41.3654285,-6.1118855
Piso,"Centro, Zamora",92,3,1,3ª planta exterior con ascensor,260000,41.3654285,-6.1118855
Piso,"La Candelaria, Zamora",107,3,1,4ª planta exterior con ascensor,176000,41.5074768,-5.7315389
Dúplex,"Calle de la Libertad, 5, Ensanche, Zamora",73,2,1,5ª planta exterior con ascensor,275000,,
Piso,"Calle Doctor Olivares, 61, La Candelaria, Zamora",140,4,0,1ª planta exterior sin ascensor,135000,41.5052119,-5.7337723
Piso,"Rúa de los francos, 29, Casco Antiguo, Zamora",145,4,1,1ª planta exterior con ascensor,325000,,
Piso,"Los Bloques, Zamora",90,3,0,2ª planta exterior con ascensor,147000,41.5103659,-5.732105
Casa o chalet independiente,"La Hiniesta, Zamora",200,3,0,,220000,41.551995,-5.79892
Casa o chalet independiente,Morales del Vino,300,6,1,,325000,41.4460546,-5.7324233
Casa o chalet independiente,"Calle Tirolabola, Morales del Vino",300,6,1,,325000,41.4479485,-5.7333386
Casa o chalet independiente,"Casco Antiguo, Zamora",520,1,0,,350000,39.9594827,-4.8313115
Finca rústica,El Perdigon,120,3,1,,130000,41.4135073,-5.7529143
Chalet pareado,Casaseca de las Chanas,117,2,0,,50000,41.4379642,-5.6751223
Chalet adosado,Monfarracinos,140,4,1,,155000,41.5526221,-5.7064267
Casa o chalet independiente,"Barrio Pinilla, Zamora",170,4,0,,90000,41.4952427,-5.7415566
Chalet adosado,Villanueva de Campean,244,3,0,,48000,41.3545156,-5.7693598
Piso,"Las Vegas - La Feria, Zamora",105,3,1,2ª planta exterior con ascensor,155000,,
Chalet adosado,"Andrés Cid, 15, Monfarracinos",214,3,1,,187000,41.553044,-5.7087807
Piso,"Ctra de Villalpando - Urbanización Siglo XXI, Zamora",53,2,0,Bajo exterior sin ascensor,99000,41.5241924,-5.7305575
Casa o chalet independiente,"Calle de Fermoselle, 1, Barrio Pinilla, Zamora",108,4,0,,90000,,
Casa o chalet independiente,"Calle de Salamanca, 28, Barrio Pinilla, Zamora",489,4,0,,190000,,
Piso,"Calle San Bernabé, 1, Casco Antiguo, Zamora",108,3,1,Bajo exterior con ascensor,195000,,
Piso,"Barrio Pinilla, Zamora",58,2,0,1ª planta exterior sin ascensor,115000,41.4952427,-5.7415566
Piso,"Las Vegas - La Feria, Zamora",107,4,0,1ª planta exterior sin ascensor,125000,,
Piso,"Peña Trevinca, Zamora",81,3,0,11ª planta exterior con ascensor,120000,42.2003236,-6.9686292
Piso,"Calle moreno, 10, Casco Antiguo, Zamora",129,4,0,1ª planta exterior sin ascensor,200000,,
Piso,"Pantoja - Vista Alegre, Zamora",112,3,0,3ª planta exterior con ascensor,195000,,
Piso,"La Candelaria, Zamora",53,1,1,Bajo exterior con ascensor,100000,41.5074768,-5.7315389
Finca rústica,"Via Sin Nombre s/n, Arcenillas",130,2,0,,130000,,
Piso,"Barrio Pinilla, Zamora",72,2,0,1ª planta exterior sin ascensor,59000,41.4952427,-5.7415566
Chalet adosado,San Pedro de la Nave-Almendra,112,2,0,,55000,41.5878594,-5.9399653
Piso,"La Hiniesta, Zamora",140,4,0,4ª planta exterior con ascensor,110000,41.551995,-5.79892
Dúplex,"Calle Regimiento de Toledo, 25, Ensanche, Zamora",221,4,1,5ª planta exterior con ascensor,390000,,
Piso,"Peña Trevinca, Zamora",90,3,0,5ª planta exterior con ascensor,130000,42.2003236,-6.9686292
Piso,"Calle de Carniceros, 15, Casco Antiguo, Zamora",102,2,0,2ª planta exterior sin ascensor,142000,,
Piso,"La Candelaria, Zamora",85,3,1,1ª planta exterior sin ascensor,120000,41.5074768,-5.7315389
Casa o chalet independiente,"Calle de Cañizal, 22, Barrio Pinilla, Zamora",222,3,1,,232000,,
Casa de pueblo,"Calle Muelas, 2, Muelas del Pan",214,6,1,,70000,41.5858437,-6.0478904
Piso,"Calle Fuentelarreina, 8, Ensanche, Zamora",70,2,0,1ª planta exterior con ascensor,157000,,
Casa o chalet independiente,"Casco Antiguo, Zamora",253,8,0,,125000,39.9594827,-4.8313115
Piso,"Barrio Pinilla, Zamora",69,2,0,Bajo exterior con ascensor,110000,41.4952427,-5.7415566
Piso,"Centro, Zamora",262,5,0,1ª planta exterior sin ascensor,110000,41.3654285,-6.1118855
Piso,"San Lázaro, Zamora",140,4,0,4ª planta exterior con ascensor,110000,41.5071602,-5.7531346
Piso,"Casco Antiguo, Zamora",60,2,0,3ª planta exterior sin ascensor,106000,39.9594827,-4.8313115
Piso,"Ensanche, Zamora",160,4,1,1ª planta exterior con ascensor,230000,,
Chalet pareado,Molacillos,173,3,0,,65000,41.5822526,-5.6590964
Casa o chalet independiente,Morales del Vino,300,6,1,,325000,41.4460546,-5.7324233
Piso,"Los Bloques, Zamora",90,3,0,2ª planta exterior con ascensor,152000,41.5103659,-5.732105
Chalet pareado,"Ctra de Villalpando - Urbanización Siglo XXI, Zamora",126,3,1,,170000,41.5241924,-5.7305575
Casa o chalet independiente,"Calle de Cabañales, 44, Barrio Pinilla, Zamora",374,6,0,,120000,41.5007098,-5.7501858
Piso,"Nuñez De Balboa, 23, Los Bloques, Zamora",50,3,0,3ª planta exterior sin ascensor,80000,41.5103559,-5.7346818
Piso,"Avenida del Príncipe de Asturias, 22, Ensanche, Zamora",110,2,0,1ª planta interior con ascensor,175000,,
Piso,"Los Bloques, Zamora",60,3,0,3ª planta exterior sin ascensor,80000,41.5103659,-5.732105
Casa o chalet independiente,"Calle Primero de Mayo, 29, San José Obrero, Zamora",135,2,1,,130000,41.5148414,-5.7523186
Piso,"La Lana, Zamora",106,3,0,Bajo exterior sin ascensor,125000,41.5066617,-5.7465251
Piso,"Ct Morana, 7, San Lázaro, Zamora",80,3,0,2ª planta exterior con ascensor,120000,,
Chalet adosado,"Ctra de Villalpando - Urbanización Siglo XXI, Zamora",130,3,1,,199000,41.5241924,-5.7305575
Piso,"Ronda de la feria, 19, La Lana, Zamora",123,3,0,3ª planta exterior con ascensor,193000,41.5068556,-5.7481144
Casa o chalet independiente,"Calle de la Feria, 2, La Lana, Zamora",321,3,0,,99000,41.505004,-5.747905
Piso,"La Candelaria, Zamora",113,3,1,5ª planta exterior con ascensor,182000,41.5074768,-5.7315389
Dúplex,"San José Obrero, Zamora",98,2,1,4ª planta interior con ascensor,110000,41.5132658,-5.7530273
Piso,"Las Vegas - La Feria, Zamora",141,4,0,1ª planta exterior con ascensor,140000,,
Piso,"Barrio Pinilla, Zamora",110,3,1,4ª planta exterior con ascensor,130000,41.4952427,-5.7415566
Casa de pueblo,"Calle Corrales, 16, Morales del Vino",360,7,0,,100000,41.44295,-5.7313196
Casa o chalet independiente,"Las Vegas - La Feria, Zamora",232,8,0,,120000,,
Piso,"Centro, Zamora",102,3,1,1ª planta exterior con ascensor,145000,41.3654285,-6.1118855
Casa de pueblo,"Calle Alcazar, 9, Pajares de la Lampreana",156,4,1,,55000,41.7161534,-5.6913152
Caserón,"Reina, 18, Casco Antiguo, Zamora",573,0,0,,490000,,
Piso,"Plaza Mayor, 2, Centro, Zamora",140,3,1,2ª planta exterior sin ascensor,299000,,
Piso,"Calle San Torcuato, 19, La Lana, Zamora",198,5,0,4ª planta exterior con ascensor,299000,41.5058411,-5.7447283
Chalet adosado,"Calle Salas Barbadillo s/n, Ctra de Villalpando - Urbanización Siglo XXI, Zamora",130,3,1,,199000,,
Piso,"Centro, Zamora",128,4,1,3ª planta exterior con ascensor,199000,41.3654285,-6.1118855
Chalet adosado,"Calle Corredera, 1, Centro, Zamora",308,4,0,,110000,,
Chalet pareado,"Calle Hermanos Pinzón, 24, Los Bloques, Zamora",192,3,0,,250000,,
Casa o chalet independiente,"vega, 14, Roales",350,5,1,,450000,,
Piso,"Avenida de las Tres Cruces, 1, Ensanche, Zamora",206,5,0,2ª planta exterior con ascensor,295000,,
Piso,"Calle de Fermoselle, Barrio Pinilla, Zamora",54,1,0,sin ascensor,24000,,
Chalet adosado,Monfarracinos,193,4,1,,105000,41.5526221,-5.7064267
Piso,"Cuesta Blanca, 2, Morales del Vino",80,2,1,Bajo exterior con ascensor,95000,41.4607706,-5.7392185
Casa o chalet independiente,Monfarracinos,164,4,0,,105000,41.5526221,-5.7064267
Casa o chalet independiente,"Calle los Nogales, 5, Morales del Vino",450,5,1,,600000,41.4446822,-5.739085
Casa o chalet independiente,"Calle herreros, 24, Casco Antiguo, Zamora",270,6,0,,146000,,
Casa de pueblo,"Calle Cazurra, 13, Casaseca de las Chanas",344,3,1,,47500,41.4375658,-5.6760021
Piso,"Centro, Zamora",55,2,0,1ª planta interior con ascensor,70000,41.3654285,-6.1118855
Casa o chalet independiente,"Avenida de Portugal, 24, Centro, Zamora",265,4,0,,360000,,
Chalet pareado,Morales del Vino,600,6,1,,494000,41.4460546,-5.7324233
Piso,"Centro, Zamora",100,3,0,3ª planta exterior con ascensor,260000,41.3654285,-6.1118855
Piso,"Peña Trevinca, Zamora",120,3,0,1ª planta exterior sin ascensor,105000,42.2003236,-6.9686292
Piso,"Calle de Fermoselle, 126, Barrio Pinilla, Zamora",85,3,1,2ª planta exterior con ascensor,137500,,
Piso,"Avenida de Requejo, 20, Los Bloques, Zamora",80,4,0,2ª planta exterior sin ascensor,130000,41.5130293,-5.7325128
Piso,"Avenida de Requejo, 26, Los Bloques, Zamora",103,4,0,2ª planta exterior con ascensor,145000,41.5130293,-5.7325128
Piso,"Calle de Fermoselle, Barrio Pinilla, Zamora",54,1,0,sin ascensor,24000,,
Finca rústica,"Plaza Los Palacios, 483, Monfarracinos",110,1,1,,160000,41.5538951,-5.7083747
Piso,"Avenida de Portugal, La Candelaria, Zamora",81,3,0,sin ascensor,59000,41.5061841,-5.7401824
Piso,"Calle Santa Teresa, 29, Ensanche, Zamora",95,3,0,1ª planta interior con ascensor,149000,,
Piso,"Avenida de Portugal, La Candelaria, Zamora",81,3,0,sin ascensor,59000,41.5061841,-5.7401824
Chalet adosado,"Calle de Fermoselle, 118, Barrio Pinilla, Zamora",87,3,0,,120000,,
Piso,"Calle de Salamanca, Barrio Pinilla, Zamora",63,3,0,sin ascensor,82000,,
Piso,"Calle Argentina, 42, Los Bloques, Zamora",512,12,1,3ª planta exterior con ascensor,405000,41.5089302,-5.7310504
Piso,"Pantoja - Vista Alegre, Zamora",107,4,0,4ª planta exterior con ascensor,82000,,
Piso,"Calle Eduardo Julián Pérez, 1, La Candelaria, Zamora",117,4,0,2ª planta exterior con ascensor,300000,41.5047413,-5.7361446
Chalet adosado,"Santo Domingo, 18, El Perdigon",204,5,1,,65000,41.4129998,-5.7961421
Casa rural,"Plaza Mayor, 2, Molacillos",140,4,1,,65000,41.5828951,-5.6601369
Piso,"Calle Monforte, 1, Centro, Zamora",215,4,0,4ª planta exterior con ascensor,425000,,
Piso,"Plaza Cuartel Viejo, 7, La Lana, Zamora",80,2,0,2ª planta exterior con ascensor,120000,41.5071185,-5.7448177
Finca rústica,"Plaza Los Palacios, 483, Monfarracinos",110,1,1,,160000,41.5538951,-5.7083747
Piso,"Avenida de Portugal, La Candelaria, Zamora",81,3,0,sin ascensor,59000,41.5061841,-5.7401824
Chalet adosado,"Calle Primero de Mayo, 10, San José Obrero, Zamora",105,3,0,,50000,41.5148172,-5.7515066
Piso,"Calle de Salamanca, Barrio Pinilla, Zamora",63,3,0,sin ascensor,82000,,
Chalet adosado,"Calle José Regojo, Barrio Pinilla, Zamora",250,3,0,,90000,,
Piso,"Calle de Salamanca, Barrio Pinilla, Zamora",94,3,0,sin ascensor,64000,,
Casa o chalet independiente,"Barrio Pinilla, Zamora",70,2,0,,90000,41.4952427,-5.7415566
Piso,"Calle de Salamanca, Barrio Pinilla, Zamora",94,3,0,sin ascensor,64000,,
Piso,"Calle de Salamanca, Barrio Pinilla, Zamora",94,3,0,sin ascensor,64000,,
Casa o chalet independiente,Morales del Vino,569,6,1,,509900,41.4460546,-5.7324233
Chalet adosado,"La Hiniesta, Zamora",296,3,1,,275000,41.551995,-5.79892
Chalet adosado,"La Lana, Zamora",87,2,0,,90000,41.5066617,-5.7465251
Casa de pueblo,"Calle de Manuel Fernández, 50, San Lázaro, Zamora",265,4,1,,180000,41.5089838,-5.752717
Casa o chalet,Muelas del Pan,362,6,1,,139000,41.5223667,-5.9684562
Finca rústica,Morales del Vino,500,4,1,,550000,41.4460546,-5.7324233
Casa o chalet independiente,"Arena, 9, Coreses",55,2,0,,24000,41.5450527,-5.6245476
Piso,"Calle de la Libertad, 12, Ensanche, Zamora",91,4,0,2ª planta exterior sin ascensor,109000,,
Casa o chalet independiente,"Calle de Carniceros, 34, Casco Antiguo, Zamora",421,5,1,,185000,,
Finca rústica,Monfarracinos,50,1,0,,115000,41.5526221,-5.7064267
Piso,"Plaza San Esteban, 5, La Lana, Zamora",124,4,1,3ª planta exterior con ascensor,320000,41.5062745,-5.7454342
Chalet adosado,"Carretera Villacastín Vigo, Montamarta",208,0,0,,23000,,
Casa o chalet independiente,"Calle de Zapatería, 8, Centro, Zamora",350,6,0,,115000,,
Casa de pueblo,"Calle Valcabado, 15, Monfarracinos",100,3,1,,75000,41.5539696,-5.711252
Casa o chalet independiente,"Calle el Pajaro, Roales",358,5,1,,270000,,
Piso,"Av Tres Cruces, Ensanche, Zamora",156,4,0,4ª planta exterior con ascensor,255000,,
Casa o chalet,Roales,184,4,0,,50000,41.5523885,-5.7735283
Casa de pueblo,"Iglesia, 7, Monfarracinos",598,4,0,,200000,41.554164,-5.7069414
Casa o chalet independiente,"Calle Solana, Muelas del Pan",300,4,1,,45000,41.5859881,-6.0472725
Piso,"La Lana, Zamora",123,3,0,3ª planta exterior con ascensor,193000,41.5066617,-5.7465251
Finca rústica,"Barrio Pinilla, Zamora",20,1,0,,36000,41.4952427,-5.7415566
Piso,"Ensanche, Zamora",115,4,0,1ª planta exterior con ascensor,205000,,
Casa o chalet independiente,Villaralbo,95,4,1,,85000,41.49217,-5.6818833
Casa o chalet independiente,"Larga, 53, Molacillos",204,4,1,,80000,41.5819651,-5.6598513
Piso,"Las Vegas - La Feria, Zamora",120,4,0,1ª planta exterior sin ascensor,125000,,
Piso,"La Candelaria, Zamora",120,4,1,3ª planta exterior con ascensor,197200,41.5074768,-5.7315389
Casa de pueblo,Casaseca de Campean,114,4,0,,12000,41.3741743,-5.7465569
Piso,"Calle Doctor Olivares, La Candelaria, Zamora",140,4,0,2ª planta exterior sin ascensor,149000,41.5052119,-5.7337723
Chalet adosado,"Casco Antiguo, Zamora",253,8,0,,125000,39.9594827,-4.8313115
Piso,"Calle de Guimaré, San Isidro - Espíritu Santo, Zamora",70,2,1,Bajo exterior con ascensor,108000,41.5051906,-5.7614392
Casa o chalet independiente,"Carretera de Valcabado, 1, Roales",140,2,1,,115000,,
Casa o chalet independiente,"Centro, Zamora",90,2,0,,110000,41.3654285,-6.1118855
Chalet adosado,"San Lázaro, Zamora",152,6,0,,40000,41.5071602,-5.7531346
Casa o chalet independiente,Montamarta,185,5,0,,20000,41.6471097,-5.8049764
Casa de pueblo,"Carretera Alcañices, 82, Muelas del Pan",200,0,0,,12800,41.5348353,-5.987874
Casa o chalet independiente,"Barrio Pinilla, Zamora",534,3,1,,160000,41.4952427,-5.7415566
Chalet adosado,"Calle Santa Susana, San Lázaro, Zamora",385,6,0,,130000,41.5060259,-5.7539813
Piso,"San Lázaro, Zamora",85,3,0,5ª planta exterior con ascensor,130000,41.5071602,-5.7531346
Chalet pareado,Andavias,200,2,0,,23000,41.5957846,-5.8568492
Casa o chalet independiente,Roales,286,5,1,,270000,41.5523885,-5.7735283
Piso,"Barrio Pinilla, Zamora",58,1,1,3ª planta exterior con ascensor,99000,41.4952427,-5.7415566
Piso,"Cuesta Blanca, 2, Morales del Vino",70,2,1,2ª planta exterior con ascensor,98000,41.4607706,-5.7392185
Piso,"Calle de Villalpando, 42, La Lana, Zamora",119,4,0,2ª planta exterior sin ascensor,135000,41.5090316,-5.7475668
Piso,"Calle Cañaveral, 10, San José Obrero, Zamora",63,2,0,Bajo exterior con ascensor,120000,41.5158581,-5.7529043
Finca rústica,La Hiniesta,40,1,0,,60000,41.551995,-5.79892
Casa o chalet independiente,"Calzada, 8, Villanueva de Campean",200,5,1,,55000,41.3539013,-5.7701761
Casa de pueblo,"Calle Trascastillo, 56, Morales del Vino",120,3,0,,100000,41.4470266,-5.7326178
Piso,"Calle Doctor Villalobos, 3, La Candelaria, Zamora",120,4,1,3ª planta exterior con ascensor,197200,41.5042299,-5.7355826
Piso,"Calle de La Rinconada, 4, San Lázaro, Zamora",42,1,0,Bajo exterior con ascensor,85000,41.5085978,-5.7520543
Piso,"Avenida de Víctor Gallego, 13, Ensanche, Zamora",131,4,0,1ª planta exterior sin ascensor,230000,,
Piso,"Cuesta Blanca, 2, Morales del Vino",95,3,1,1ª planta exterior con ascensor,122000,41.4607706,-5.7392185
Casa o chalet independiente,"Travesía Iglesia Valdeperdices, 2, San Pedro de la Nave-Almendra",382,3,0,,40000,41.5818773,-5.900659
Casa o chalet independiente,"Avenida Castilla y Leon, 22, Torres del Carrizal",455,3,0,,80000,41.6169404,-5.6729307
Casa o chalet independiente,"Calle Valseboso, 2, Ctra de Villalpando - Urbanización Siglo XXI, Zamora",129,0,0,,60000,,
Chalet adosado,"Calle Santa Eufemia, 4, Villaseco",71,3,0,,56000,41.4675542,-5.9610197
Piso,"Plaza de Fernando III, 6, Pantoja - Vista Alegre, Zamora",120,3,1,5ª planta exterior con ascensor,265000,,
Piso,"Calle Doctor Carracido, 2, La Lana, Zamora",111,3,0,1ª planta exterior con ascensor,195000,41.5061179,-5.7444976
Casa de pueblo,"Calle Felipe García Ufano, 6, El Perdigon",170,3,0,,130000,41.4147126,-5.7532585
Piso,"Avenida del Cardenal Cisneros, 64 b, Pantoja - Vista Alegre, Zamora",105,2,1,2ª planta exterior con ascensor,198000,,
Casa o chalet,"Barrio Pinilla, Zamora",108,4,0,,90000,41.4952427,-5.7415566
Piso,"Calle San Roque, 21, Barrio Pinilla, Zamora",58,1,1,4ª planta exterior con ascensor,99000,,
Piso,"San Lázaro, Zamora",80,3,0,2ª planta interior sin ascensor,59500,41.5071602,-5.7531346
Chalet adosado,"Centro, Zamora",168,3,0,,180000,41.3654285,-6.1118855
Casa o chalet independiente,"San Lázaro, Zamora",120,3,0,,40000,41.5071602,-5.7531346
Piso,"Carretera Estación, 2, Pantoja - Vista Alegre, Zamora",50,1,1,1ª planta interior con ascensor,135000,,
Casa o chalet independiente,"Calle de la Luna, 2, San Lázaro, Zamora",200,3,0,,210000,41.5058746,-5.7528482
Casa de pueblo,"Calle Larga, 6, Benegiles",116,2,0,,12000,41.6285918,-5.6333181
Casa de pueblo,"Calle Juan Misol, 3, Malva",342,3,0,,20000,41.6521782,-5.4889846
Casa o chalet independiente,"Calle Gerona, 2, Los Bloques, Zamora",139,3,1,,130000,,
Finca rústica,"Calle Zapatería, 2, Molacillos",170,3,1,,30000,41.5814783,-5.6610992
Casa de pueblo,"Barrihondo, 36, El Perdigon",173,0,0,,75000,41.4128206,-5.7544908
Casa o chalet independiente,"Calle Primero de Mayo, 10, San José Obrero, Zamora",180,3,0,,60000,41.5148172,-5.7515066
Piso,"Avenida de Valladolid, 2, Pantoja - Vista Alegre, Zamora",127,3,1,Bajo exterior con ascensor,163195,,
Piso,"Calle de Argentina, 28, Los Bloques, Zamora",120,4,0,3ª planta exterior con ascensor,185000,,
Casa o chalet independiente,"Carretera Salamanca, 285 km, Morales del Vino",470,5,1,,498000,,
Casa o chalet independiente,"Calle Prado, 3, Moreruela de los Infanzones",400,4,1,,90000,41.6323881,-5.7036565
Casa o chalet independiente,"Cl-605, 10 Km, Casaseca de las Chanas",200,5,1,,435000,41.4357537,-5.6731771
Casa de pueblo,"Calle Peñas, 2, Almaraz de Duero",74,2,0,,12000,41.4738341,-5.9164598
Casa o chalet independiente,"Calle Pablo Montesinos, 16, Barrio Pinilla, Zamora",168,3,0,,80000,,
Casa o chalet,"Barrio Pinilla, Zamora",88,3,0,,89000,41.4952427,-5.7415566
Casa o chalet independiente,"Paseo de las vistillas, 10, San Lázaro, Zamora",102,2,0,,50000,41.5057571,-5.7552333
Chalet adosado,"Barrio Pinilla, Zamora",225,4,0,,80000,41.4952427,-5.7415566
Casa de pueblo,"Calle iglesia s/n, San Pedro de la Nave-Almendra",300,3,0,,20000,41.5920573,-5.9211771
Finca rústica,"Calle Barrero, 21, Aspariegos",280,3,0,,15000,41.6754621,-5.5993284
Casa o chalet,"Ctra de Villalpando - Urbanización Siglo XXI, Zamora",155,3,1,,98000,41.5241924,-5.7305575
Chalet pareado,"Plaza de San Lázaro, 9, San Lázaro, Zamora",111,4,1,,55000,41.5063817,-5.7501065
Casa de pueblo,"Calle Jambrina, 12, Casaseca de las Chanas",236,4,0,,33000,41.4385926,-5.6751242
Casa o chalet independiente,"Calle José Regojo s/n, Barrio Pinilla, Zamora",120,3,0,,80000,,
Piso,"Calle de Villalpando, 7 Callevillalpando, San Lázaro, Zamora",90,3,0,5ª planta exterior con ascensor,145000,,
Piso,"Calle Núñez de Balboa, 32, Los Bloques, Zamora",100,4,0,4ª planta exterior con ascensor,175000,41.5103559,-5.7346818
Piso,"Victor Gallego, Ensanche, Zamora",102,4,0,4ª planta exterior sin ascensor,65000,,
Piso,"Calle los Palacios, 31, Monfarracinos",105,3,1,1ª planta exterior sin ascensor,83000,,
Casa o chalet,"La Lana, Zamora",130,4,0,,69000,41.5066617,-5.7465251
Casa o chalet independiente,Aspariegos,248,4,0,,95000,41.6757149,-5.5980337
Chalet adosado,"Ctra de Villalpando - Urbanización Siglo XXI, Zamora",150,4,0,,170000,41.5241924,-5.7305575
Casa o chalet independiente,"Los Bloques, Zamora",610,6,1,,710000,41.5103659,-5.732105
Piso,"Plaza Cristo Rey, 5, La Candelaria, Zamora",156,4,0,4ª planta exterior con ascensor,385000,41.5064581,-5.7366042
Casa rural,"Carretera Villacastín Vigo, 2, Montamarta",700,8,0,,569000,,
Piso,"Avenida del Príncipe de Asturias, 22, Ensanche, Zamora",90,2,0,1ª planta interior con ascensor,179000,,
Piso,"Calle Colón, 46, Los Bloques, Zamora",60,3,0,3ª planta exterior sin ascensor,65000,41.5104123,-5.732672
Casa o chalet independiente,Villaralbo,170,3,0,,85000,41.49217,-5.6818833
Chalet pareado,"Calle D. Andres Cid, 5, Monfarracinos",232,4,0,,170000,,
Casa o chalet independiente,"San Ramón, 12, Barrio Pinilla, Zamora",537,3,1,,152000,,
Casa rural,"- s/n, Arcenillas",130,2,1,,140000,41.4567977,-5.6862963
Casa de pueblo,"Calle Zamora, 30, Monfarracinos",594,5,0,,150000,41.553614,-5.7078523
Piso,"Carretera Cañizal, 45, Barrio Pinilla, Zamora",110,3,1,4ª planta exterior con ascensor,125000,,
Dúplex,"Calle Renova, 15, Centro, Zamora",220,9,0,1ª planta exterior sin ascensor,105000,,
Chalet adosado,"Calle Cruz, 2, Almaraz de Duero",307,2,0,,25000,41.4739911,-5.9132176
Piso,"Avenida de Portugal, 42, Centro, Zamora",121,3,1,1ª planta exterior con ascensor,210000,,
Piso,"Ensanche, Zamora",140,4,0,4ª planta exterior con ascensor,255000,,
Casa rural,"Calle Real, 61, Bustillo del Oro",167,0,0,,4000,41.6751542,-5.461157
Finca rústica,"Diseminado Diseminados, 11, Ctra de Villalpando - Urbanización Siglo XXI, Zamora",100,3,1,,145000,,
Casa de pueblo,"Calle Macarrina s/n, Muelas del Pan",310,0,0,,12000,41.5224814,-5.9709542
Piso,"Calle Del Rio Almucerra, 15, San Lázaro, Zamora",54,2,0,4ª planta exterior sin ascensor,55000,,
Chalet adosado,"Calle Botero, 1, Morales del Vino",68,2,1,,82000,,
Piso,"Calle de Pedro Alvarado, 1, Los Bloques, Zamora",111,3,0,7ª planta exterior con ascensor,180000,,
Piso,"Plaza de Villardeciervos, 1, San José Obrero, Zamora",115,4,0,3ª planta exterior con ascensor,130000,41.514404,-5.7510607
Casa o chalet independiente,"Avenida Galicia, 6, San Lázaro, Zamora",200,4,0,,152000,41.508548,-5.7508529
Piso,"C/Fuenlabrada, 1, Barrio Pinilla, Zamora",60,2,1,Bajo exterior con ascensor,110000,,
Casa o chalet independiente,"Calle Moraleja, 12, Casaseca de las Chanas",300,4,0,,45000,41.4389362,-5.6744427
Casa de pueblo,"Calle Cuestica, 12, Villaseco",200,1,0,,25000,41.4701335,-5.9684176
Chalet pareado,"Camino Rabiche, 3, Barrio Pinilla, Zamora",340,5,1,,250000,,
